url,headline
https://www.investopedia.com/terms/e/economic_indicator.asp,Economic Indicators: Definition and How to Interpret
https://www.investopedia.com/articles/basics/07/economic_indicators.asp,The 10 Most Important Economic Indicators for Investors
https://www.investopedia.com/terms/f/financial-market.asp,How Economic Policies Affect Financial Markets
https://www.marketwatch.com/economy-politics,The Impact of Economic Policy on the Financial Markets
https://www.cnbc.com/make-it/spend/,How to Create a Budget and Stick to It
https://www.investopedia.com/ask/answers/022916/what-502030-budget-rule.asp,The 50/30/20 Budget Rule: A Simple Way to Manage Your Money
https://mint.intuit.com/how-mint-works/,How to Track Your Expenses and Save Money
https://www.investopedia.com/terms/e/emergency_fund.asp,How to Build an Emergency Fund
https://www.fool.com/retirement/2017/08/19/our-guide-to-investing-for-beginners.aspx,The Ultimate Guide to Investing
https://www.finra.org/investors/investing/investing-basics/risk,Risk and Return: What You Need to Know About Investing
https://investor.vanguard.com/investor-resources-education/iras/401k-vs-ira,"Understanding Retirement Accounts (401(k), IRAs)"
https://www.aarp.org/retirement/planning-for-retirement/,How to Plan for a Secure Retirement
https://www.cnbc.com/guide/retirement-planning-decade-by-decade/,Retirement Planning Tips for Every Age
https://fred.stlouisfed.org/,Understanding Interest Rates
https://www.nerdwallet.com/article/finance/pay-off-debt,How to Get Out of Debt: A Step-by-Step Guide
https://corporatefinanceinstitute.com/resources/economics/market-structure/,Market Structure and Pricing
https://medium.com/@dorothymacasasa/corporate-finance-fundamentals-optimal-capital-structure-f77ee6cc23f3,Market Structures: Definition and Types
https://analystprep.com/cfa-level-1-exam/economics/pricing-strategy-under-each-market-structure/,Pricing Strategy Different Market Structures
https://analystprep.com/cfa-level-1-exam/economics/describe-pricing-strategy-under-each-market-structure/,How Market Structure Affects Business Decisions and Pricing
https://analystprep.com/cfa-level-1-exam/economics/describe-pricing-strategy-under-each-market-structure/,The Effects of Market Structure on Pricing and Competition
https://www.investopedia.com/articles/basics/06/financialreporting.asp,How to Read and Understand Financial Statements
https://www.fool.com/investing/2022/04/05/how-to-understand-financial-statements/,The 3 Financial Statements You Need to Know
https://www.fitchlearning.com/fundamentals-corporate-financial-statement-analysis-course-content,How to Analyze Financial Statements
https://www.accountingtools.com/articles/net-present-value,Net Present Value (NPV) Analysis
https://online.norwich.edu/online/about/resource-library/5-methods-capital-budgeting,The 5 Capital Budgeting Methods You Need to Know
https://corporatefinanceinstitute.com/resources/financial-modeling/what-is-financial-modeling/,What is Financial Modeling?
https://www.udemy.com/topic/financial-modeling/,How to Build a Financial Model
https://www.investopedia.com/terms/r/riskmanagement.asp,What is Risk Management?
https://www.optionseducation.org/landingpages-options-strategy-quick-guide,Hedging Strategies
https://www.investopedia.com/terms/s/stockmarket.asp,Understanding How the Stock Market Works
https://www.thebalance.com/how-does-the-stock-market-work-3505397,How Does the Stock Market Work?
https://www.investopedia.com/terms/f/futures.asp,Futures Contracts
https://www.investopedia.com/terms/f/forex.asp,Foreign Exchange (Forex)
https://www.investopedia.com/terms/d/diversification.asp,Diversification
https://www.investopedia.com/terms/a/assetallocation.asp,Asset Allocation
https://www.investopedia.com/terms/v/valueinvesting.asp,Value Investing
https://www.investopedia.com/terms/g/growthinvesting.asp,Growth Investing
https://www.corporatefinanceinstitute.com/resources/knowledge/finance/behavioral-finance/,Behavioral Finance
https://www.corporatefinanceinstitute.com/resources/knowledge/finance/prospect-theory/,Prospect Theory
https://www.bis.org/cpmi/about/overview.htm,The Committee on Payments and Market Infrastructure (CPMI): https://www.bis.org/cpmi/about/overview.htm
https://www.fatf-gafi.org/en/home.html,The Financial Action Task Force (FATF): https://www.fatf-gafi.org/en/home.html
https://www.investopedia.com/terms/d/dodd-frank-financial-regulatory-reform-bill.asp,The Dodd-Frank Wall Street Reform and Consumer Protection Act: https://www.investopedia.com/terms/d/dodd-frank-financial-regulatory-reform-bill.asp
https://www.eiopa.europa.eu/browse/regulation-and-policy/solvency-ii_en,The Solvency II Directive: https://www.eiopa.europa.eu/browse/regulation-and-policy/solvency-ii_en
https://www.esma.europa.eu/publications-and-data/interactive-single-rulebook,The Markets in Financial Instruments Directive (MiFID II): https://www.esma.europa.eu/publications-and-data/interactive-single-rulebook/mifid-ii
https://www.eba.europa.eu/regulation-and-policy/single-rulebook/interactive-single-rulebook,The Payment Services Directive (PSD2): https://www.eba.europa.eu/regulation-and-policy/single-rulebook/interactive-single-rulebook/5402
https://www.cfainstitute.org/en/ethics-standards/ethics/code-of-ethics-standards-of-conduct-guidance,The CFA Institute Code of Ethics and Standards of Professional Conduct: https://www.cfainstitute.org/en/ethics-standards/ethics/code-of-ethics-standards-of-conduct-guidance
https://www.cfainstitute.org/-/media/documents/code/code-ethics-standards/code-of-ethics-standards-professional-conduct.pdf,The Association for Investment Management and Research (AIMR) Code of Ethics: https://www.cfainstitute.org/-/media/documents/code/code-ethics-standards/code-of-ethics-standards-professional-conduct.pdf
https://www.handbook.fca.org.uk/handbook/PRIN.pdf,The Financial Conduct Authority (FCA) Principles for Businesses: https://www.handbook.fca.org.uk/handbook/PRIN.pdf
https://asic.gov.au/regulatory-resources/corporate-governance/,The Australian Securities and Investments Commission (ASIC) Corporate Governance Principles: https://asic.gov.au/regulatory-resources/corporate-governance/
https://www.investopedia.com/blockchain-4689765,Blockchain: A Beginner's Guide
https://www.coindesk.com/consensus-magazine/2022/12/13/blockchain-vs-crypto-not-what-it-seems/,Blockchain vs. Bitcoin: What's the Difference?
https://www.investopedia.com/terms/c/cryptocurrency.asp,What Is Cryptocurrency?
https://coincodex.com/article/19566/blockchain-101-the-ultimate-guide-for-beginners/,The Ultimate Guide to Cryptocurrency
https://www.fool.com/the-ascent/cryptocurrency/,How to Invest in Cryptocurrency
https://www.investopedia.com/terms/r/roboadvisor-roboadviser.asp,What Is a Robo-Advisor?
https://www.nerdwallet.com/best/investing/robo-advisors,The 10 Best Robo-Advisors of 2023
https://www.investopedia.com/terms/r/roboadvisor-roboadviser.asp,How to Get Started with a Robo-Advisor
https://www.investopedia.com/terms/a/algorithmictrading.asp,What Is Algorithmic Trading?
https://www.investopedia.com/terms/a/algorithmictrading.asp,The Risks of Algorithmic Trading
https://www.investopedia.com/terms/o/onlinebanking.asp,The Evolution of Online Banking: From Simple Access to Enhanced Financial Management
https://www.businessinsider.com/how-ai-cloud-technology-web3-metaverse-disrupting-banking-industry-2023-9,How Online Banking Has Changed the Financial Landscape
https://www.forbes.com/sites/forbesfinancecouncil/2019/08/14/nine-key-reasons-online-banking-benefits-small-business/,The Benefits of Online Banking for Individuals and Businesses
https://www.hostmerchantservices.com/2021/07/mobile-payments-vs-credit-card-payments/,Mobile Wallets vs. Traditional Payment Methods: Which One Should You Choose?
https://www.rapyd.net/blog/the-mobile-payments-revolution-is-happening-today-is-your-business-ready/,Mobile Payments: The Future of Digital Transactions
https://www2.deloitte.com/content/dam/Deloitte/in/Documents/strategy/in-strategy-leading-the-cashless-charge-noexp.pdf,The Impact of Mobile Wallets on the Financial Services Industry
